n_tokens,prompt_len,total_keys,layer,bf,topk,n_queries,clustering,enclosing,scanned_frac,pruned_frac,search_ms,build_ms,clust_ms,enc_ms,gate_cost_dp,ratio,speedup,enc_vol_mean,enc_vol_max,enc_radii_mean,enc_radii_max
6000,461,6461,15,4,20,30,kcenter,aabb,0.6503392120202383,0.34966078797976174,0.06623752415180206,167.81214624643326,158.10514986515045,9.706996381282806,2.0,1.1503392120202383,0.8693088000049908,inf,inf,,
6000,461,6461,15,4,20,30,batch_nn,aabb,0.6859150518973668,0.3140849481026332,0.06155967712402344,1650.2395831048489,1649.8704589903355,0.3691241145133972,2.0,1.185915051897367,0.8432307174110675,inf,inf,,
6000,461,6461,15,4,20,30,kcenter,ball_centroid,0.940486055612564,0.05951394438743596,0.04977621138095856,158.40481221675873,158.10514986515045,0.29966235160827637,1.0,1.190486055612564,0.8399930392174568,,,7.45167875289917,14.30235481262207
6000,461,6461,15,4,20,30,pq_subspace,aabb,0.6924151678880056,0.3075848321119944,0.06295243899027507,39.419323205947876,38.95466774702072,0.46465545892715454,2.0,1.1924151678880057,0.838634082264477,inf,inf,,
6000,461,6461,15,4,20,30,pq_subspace,ball_centroid,0.9576882104078929,0.04231178959210713,0.04811560114224751,39.260610938072205,38.95466774702072,0.30594319105148315,1.0,1.207688210407893,0.8280282869220468,,,9.344156265258789,17.42172622680664
6000,461,6461,15,4,20,30,batch_nn,ball_centroid,0.9727445622285207,0.02725543777147932,0.048744926850001015,1650.1761674880981,1649.8704589903355,0.30570849776268005,1.0,1.2227445622285207,0.8178323019302116,,,8.998103141784668,20.270641326904297
